{
    "name":"김치찌개",
    "img_s":"",
    "type":"국",
    "ingre":"[1인분]조선부추 50g, 날콩가루 7g(1⅓작은술) ·양념장 : 저염간장 3g(2/3작은술), 다진 대파 5g(1작은술), 다진 마늘 2g(1/2쪽), 고춧가루 2g(1/3작은술), 요리당 2g(1/3작은술), 참기름 2g(1/3작은술), 참깨 약간",
    "how":"소금에 절이는 오이 대신 방울토마토를 사용하여 나트륨 섭취를 줄였어요. 토마토에는 과일에 대체로 없는 글루탐산이 풍부하여 감칠맛을 내주며, 겉절이 양념과 잘 어우러져 상큼함과 감칠맛을 내주어요."
    
}